,accuracy,precision,recall,f1_score,roc_auc_score
RandomForestClassifier,0.6643867594192072,0.6643867594192072,1.0,0.7983562181797781,0.4995768732137748
SVC,0.6528588098016336,0.6528588098016336,1.0,0.7899752912107306,0.4940357912602038
LogisticRegression,0.6662853834697393,0.6662853834697393,1.0,0.7997254132810311,0.4995715662801436
